song_id,valence_mean,arousal_mean,distance
565,3.1,3.0,0.0
1123,3.1,3.1,0.07801338204537811
1111,3.2,2.9,0.11551014648207875
1024,3.2,2.9,0.11551014648207875
707,3.2,3.1,0.1155101464820789
